tags,genre
Comedy Programmes,Comedy
Dramas,Drama
Thrillers,Thriller
TV Dramas,"Drama,Reality-TV"
Social Issue Dramas,Drama
Romantic Comedies,"Romance,Comedy"
Sports Movies,Sport
Children & Family Movies,Family
Thriller Movies,Thriller
Romantic Dramas,"Romance,Drama"
Dark Comedies,Comedy
Music & Musicals,"Music,Musical"
Psychological Thrillers,Thriller
Crime Movies,Crime
Swedish Movies,
Drama Anime,"Drama,Animation"
Action & Adventure,"Action,Adventure"
Mystery Programmes,Mystery
Korean Movies,
Sci-Fi & Fantasy,"Sci-Fi,Fantasy"
Courtroom Dramas,Drama
Teen Movies,
Films Based on Real Life,"Film-Noir,Reality-TV"
Belgian Movies,
Biographical Documentaries,"Biography,Documentary"
TV Comedies,"Comedy,Reality-TV"
TV Mysteries,"Mystery,Reality-TV"
Chinese Movies,
Movies Based on Real Life,Reality-TV
Horror Movies,Horror
Independent Movies,
Bollywood Movies,
Comedies,Comedy
Action Anime,"Action,Animation"
Military Dramas,Drama
Italian Movies,
Chilean Films & TV,"Film-Noir,Reality-TV"
Crime Comedies,"Crime,Comedy"
Political Documentaries,Documentary
TV Action & Adventure,"Action,Adventure,Reality-TV"
Sports Documentaries,"Sport,Documentary"
Reality TV,Reality-TV
LGBTQ Dramas,Drama
Drama Programmes,Drama
Australian Movies,
Children & Family Films,"Family,Film-Noir"
Brazilian Movies,
Science & Nature Documentaries,Documentary
Documentary Films,"Documentary,Film-Noir"
Teen TV Shows,Reality-TV
Political Comedies,Comedy
Middle-Eastern Films,Film-Noir
Polish Comedies,Comedy
Education for Kids,
Horror Films,"Horror,Film-Noir"
African Films,Film-Noir
Anime Series,Animation
Czech Movies,
Animal Tales,Animation
Late Night Comedies,Comedy
Science & Nature Docs,
TV Thrillers,"Thriller,Reality-TV"
Sitcoms,
TV Cartoons,Reality-TV
Crime Documentaries,"Crime,Documentary"
Monster Films,Film-Noir
Argentinian Films,Film-Noir
Social & Cultural Docs,
Social & Cultural Documentaries,Documentary
Bollywood Films,Film-Noir
Kids&#39; TV,Reality-TV
Chinese TV Shows,Reality-TV
Action Movies,Action
LGBTQ Movies,
Romantic Movies,Romance
Travel & Adventure Documentaries,"Adventure,Documentary"
Teen Films,Film-Noir
Animation,Animation
Docuseries,Documentary
Argentinian Movies,
Creature Features,
Action & Adventure Programmes,"Action,Adventure"
Mexican Movies,
Alien Sci-Fi,Sci-Fi
Music,"Music,Musical"
Australian Films,Film-Noir
Anime Dramas,"Animation,Drama"
Italian Dramas,Drama
Italian Comedies,Comedy
Anime Action,"Animation,Action"
LGBTQ Films,Film-Noir
Korean Films,Film-Noir
Sports Films,"Sport,Film-Noir"
Spoofs & Satires,
Japanese TV Series,Reality-TV
African Movies,
TV Soaps,Reality-TV
Latin American Films,Film-Noir
Monster Movies,
Military Documentaries,Documentary
Indian Movies,
British Dramas,Drama
Showbiz Dramas,Drama
Psychological Horror Movies,Horror
Satanic Stories,
Romantic Films,"Romance,Film-Noir"
Steamy Dramas,Drama
Swedish TV Shows,Reality-TV
Japanese Movies,
Crime Films,"Crime,Film-Noir"
TV Horror,"Horror,Reality-TV"
Mockumentaries,
Latin American TV Programmes,Reality-TV
Mexican Comedies,Comedy
True Crime Documentaries,"Crime,Documentary"
British Comedies,Comedy
Rap & Hip-Hop,
Slasher and Serial Killer Films,Film-Noir
Japanese TV Shows,Reality-TV
Italian Films,Film-Noir
Action Thrillers,"Action,Thriller"
Education & Guidance,
Slasher & Serial Killer Movies,
Historical Documentaries,"History,Documentary"
US TV Shows,Reality-TV
Anime Movies,Animation
Musicals,"Music,Musical"
Brazilian Films,Film-Noir
Political TV Shows,Reality-TV
Gay & Lesbian Documentaries,Documentary
Korean TV Shows,Reality-TV
TV Variety & Talk Shows,"Talk-Show,Reality-TV"
Middle Eastern Movies,
Thrillers based on Books,Thriller
Indian TV Shows,Reality-TV
Stand-Up Comedy,Comedy
Crime Dramas,"Crime,Drama"
TV Programmes Based on Manga,Reality-TV
Competition Reality TV,Reality-TV
Japanese TV Programmes,Reality-TV
French Movies,
Australian TV Shows,Reality-TV
Tamil-Language Movies,
Crime Action & Adventure,"Crime,Action,Adventure"
Documentaries,Documentary
The Beautiful Game,Game-Show
Crime TV Dramas,"Crime,Drama,Reality-TV"
Romantic TV Dramas,"Romance,Drama,Reality-TV"
Family Sci-Fi & Fantasy,"Family,Sci-Fi,Fantasy"
Movies Based on Books,
International Dramas,Drama
Romanian Movies,Romance
Danish Movies,
Irreverent Stand-Up Comedy,Comedy
French Dramas,Drama
Latin American Movies,
Indonesian Movies,
Nature & Ecology Documentaries,Documentary
Nollywood Movies,
Political Dramas,Drama
Spanish Movies,
German TV Shows,Reality-TV
German Dramas,Drama
Social Issue TV Dramas,"Drama,Reality-TV"
TV Shows Based on Books,Reality-TV
Crime Thrillers,"Crime,Thriller"
Hip-Hop,
Anime based on a Video Game,"Animation,Game-Show"
Sci-Fi & Fantasy Anime,"Sci-Fi,Fantasy,Animation"
Sports Dramas,"Sport,Drama"
Lifestyle,
Anime Based on Comics,Animation
Anime based on Light Novels,Animation
LGBTQ Comedies,Comedy
British TV Shows,Reality-TV
Sci-Fi TV,"Sci-Fi,Reality-TV"
Food & Travel TV,Reality-TV
Horror Comedies,"Horror,Comedy"
Action Comedies,"Action,Comedy"
Canadian TV Shows,Reality-TV
Hindi-Language Movies,
Polish Movies,
Thai Movies,
Supernatural Horror Movies,Horror
Mysteries,Mystery
Period Pieces,
British Movies,
Westerns,Western
Anime Features,Animation
Indian Films,Film-Noir
Indian Programmes,
Teen Screams,
K-dramas based on Webtoon,
Military Action & Adventure,"Action,Adventure"
Canadian Movies,
Family Comedies,"Family,Comedy"
German Movies,
Korean Reality,Reality-TV
International Comedies,Comedy
Dutch Movies,
Kids TV,Reality-TV
French TV Shows,Reality-TV
Family Watch Together TV,"Family,Reality-TV"
Goofy Comedies,Comedy
Police Movies,
US Movies,
Scandinavian TV Shows,Reality-TV
Polish TV Shows,Reality-TV
Cyberpunk,
Science & Nature TV,Reality-TV
Heist Movies,
Steamy Romance,Romance
Satires,
Tearjerkers,
French Documentaries,Documentary
Music & Concert Documentaries,"Music,Documentary,Musical,Documentary"
Classic Movies,
Japanese Youth Dramas,Drama
Sci-Fi Thrillers,"Sci-Fi,Thriller"
Latin American TV Shows,Reality-TV
Sci-Fi Adventure,"Sci-Fi,Adventure"
Historical Dramas,"History,Drama"
Raunchy Comedies,Comedy
TV Shows Based on Manga,Reality-TV
Adventures,Adventure
Kids Music,"Music,Musical"
Nordic TV Shows,Reality-TV
Romantic TV Comedies,"Romance,Comedy,Reality-TV"
Romance Anime,"Romance,Animation"
Taiwanese Movies,
Teen Sci-Fi,Sci-Fi
Makeover Reality TV,Reality-TV
Gangster Movies,
Italian TV Shows,Reality-TV
Nordic Movies,
Hong Kong Movies,
Mexican TV Shows,Reality-TV
Biographical Movies,Biography
Filipino Movies,
Action Sci-Fi & Fantasy,"Action,Sci-Fi,Fantasy"
Supernatural Thrillers,Thriller
School Anime,Animation
Hungarian Movies,
Reality,Reality-TV
Hindi-Language TV Shows,Reality-TV
Chilean TV Shows,Reality-TV
Filipino TV Shows,Reality-TV
Thai Dramas,Drama
Thai Comedies,Comedy
Independent Action & Adventure,"Action,Adventure"
Dutch TV Shows,Reality-TV
Brazilian Documentaries,Documentary
German Crime Movies,Crime
Mainland Chinese TV Shows,Reality-TV
Polish Dramas,Drama
Spanish TV Shows,Reality-TV
Film Noir,Film-Noir
Martial Arts Movies,
Comedy Anime,"Comedy,Animation"
Sci-Fi Horror Movies,"Sci-Fi,Horror"
Sports Comedies,"Sport,Comedy"
Classic Comedies,Comedy
Music and Concert Movies,"Music,Musical"
Romantic Favorites,Romance
Thai TV Shows,Reality-TV
Fantasy TV Shows,"Fantasy,Reality-TV"
Nordic Comedies,Comedy
Talk Shows,Talk-Show
Thai Thrillers,Thriller
Argentinian TV Shows,Reality-TV
Youth Drama,Drama
International Thrillers,Thriller
Showbiz Musicals,"Music,Musical"
Punjabi-Language Movies,
Brazilian TV Shows,Reality-TV
Critically Acclaimed Films,Film-Noir
Telugu-Language Movies,
K-dramas,
Family Adventures,"Family,Adventure"
Wedding & Romance Reality TV,"Romance,Reality-TV"
Teen Romance,Romance
German Comedies,Comedy
Colombian Movies,
Canadian Comedies,Comedy
Adult Animation,"Adult,Animation"
Classic Dramas,Drama
Romantic TV Shows,"Romance,Reality-TV"
Historical Anime,"History,Animation"
TV Sci-Fi & Fantasy,"Sci-Fi,Fantasy,Reality-TV"
Ominous Thrillers,Thriller
Comic Book and Superhero Movies,
Futuristic Sci-Fi,Sci-Fi
Critically Acclaimed Dramas,Drama
Slapstick Comedies,Comedy
Rock & Pop Concerts,
Fantasy Movies,Fantasy
Crime TV Shows,"Crime,Reality-TV"
Teen Comedies,Comedy
Family Cozy Time,Family
Variety Entertainment,
Spy Action & Adventure,"Action,Adventure"
Austrian Movies,
Pakistani Movies,
Home & Garden TV Shows,Reality-TV
Romantic Independent Movies,Romance
Zombie Horror Movies,Horror
Middle Eastern TV Shows,Reality-TV
Turkish Movies,
Chilling Horror Movies,Horror
Action,Action
Irish Movies,
TV Shows based on Comics,Reality-TV
Marathi-Language Movies,
Japanese Kids TV,Reality-TV
Politically Incorrect Stand-Up Comedy,Comedy
Cyborg & Robot Anime,Animation
Russian Movies,
Critically-acclaimed Comedies,Comedy
Romantic European Movies,Romance
Asian Action Movies,Action
Special Interest,
Dutch Comedies,Comedy
Urdu-Language Movies,
TV Dramas based on Comics,"Drama,Reality-TV"
Jazz & Easy Listening,
Disney Movies,
French Comedies,Comedy
British Crime Movies,Crime
Tokusatsu Heroes,
Critically Acclaimed Movies,
Bengali-Language Movies,
Experimental Movies,
Malaysian TV Shows,Reality-TV
International Action & Adventure,"Action,Adventure"
Police Thrillers,Thriller
Crime Action,"Crime,Action"
Norwegian Movies,
Thai Action & Adventure,"Action,Adventure"
Faith & Spirituality,
Brazilian Comedies,Comedy
Thai Horror Movies,Horror
Buddy Comedies,Comedy
Brazilian Dramas,Drama
LGBTQ Documentaries,Documentary
Kannada Movies & TV,Reality-TV
Classic Action & Adventure,"Action,Adventure"
Taiwanese TV Shows,Reality-TV
Critically-acclaimed Sci-Fi & Fantasy,"Sci-Fi,Fantasy"
TV Shows,Reality-TV
European Movies,
International Movies,
Thriller & Horror Anime,"Thriller,Horror,Animation"
Israeli TV Dramas,"Drama,Reality-TV"
Spanish Comedies,Comedy
Nordic Dramas,Drama
Dramas based on Books,Drama
Asian Movies,
Critically-acclaimed Movies,
Spiritual Documentaries,Documentary
Anime,Animation
Award-winning Movies,
Stand-up Comedy & Talk Shows,"Comedy,Talk-Show"
20th Century Period Pieces,
Sports Anime,"Sport,Animation"
Dutch Children & Family Movies,Family
Biographical Dramas,"Biography,Drama"
Chinese Action & Adventure,"Action,Adventure"
Chinese Comedies,Comedy
Blockbuster Action & Adventure,"Action,Adventure"
Australian Comedies,Comedy
Anime released in 2017,Animation
Anime for Gamers,"Animation,Game-Show"
Japanese Sci-Fi & Fantasy,"Sci-Fi,Fantasy"
Kids Anime,Animation
Japanese Movies based on Comics,
Retro Anime,Animation
Anime released in 2016,Animation
British Action & Adventure,"Action,Adventure"
Asian TV Shows,Reality-TV
Swedish Comedies,Comedy
Scandinavian Comedies,Comedy
Comic Book & Superhero TV,Reality-TV
Little Kids,
Dramas based on Real Life,"Drama,Reality-TV"
TV Animated Comedies,"Animation,Comedy,Reality-TV"
Movies based on childrens books,
Korean TV Dramas,"Drama,Reality-TV"
Romantic Movies based on Books,Romance
Hollywood Movies,
Anime released in 2018,Animation
Korean TV Shows based on Books,Reality-TV
B-Horror Movies,
International Animation,Animation
Independent Comedies,Comedy
European TV Shows,Reality-TV
Movies for ages 5 to 7,
Movies for ages 11 to 12,
Mind Game Thrillers,"Game-Show,Thriller"
Family Features,Family
International Sci-Fi & Fantasy,"Sci-Fi,Fantasy"
International TV Shows,Reality-TV
Eastern European Movies,
Faith & Spirituality Movies,
Movies for ages 8 to 10,
Independent Dramas,Drama
Oscar-winning Movies,
Police TV Shows,Reality-TV
Spanish Horror Movies,Horror
International TV Sci-Fi & Fantasy,"Sci-Fi,Fantasy,Reality-TV"
Fantasy Anime,"Fantasy,Animation"
Korean Thrillers,Thriller
Korean Comedies,Comedy
US Action,Action
Korean Action & Adventure,"Action,Adventure"
Korean Drama Movies,Drama
Romantic Korean Movies,Romance
Baeksang Arts Awards Winners,
Gory Horror Movies,Horror
Blue Dragon Film Award-winning Movies,Film-Noir
Sci-Fi Dramas,"Sci-Fi,Drama"
Japanese TV Thrillers,"Thriller,Reality-TV"
Romantic Japanese TV Shows,"Romance,Reality-TV"
Korean TV Comedies,"Comedy,Reality-TV"
TV Dramedies,"Drama,Reality-TV"
US Police TV Shows,Reality-TV
Award-winning Dramas,Drama
Political Thrillers,Thriller
Southeast Asian Movies,
Japanese Dramas,Drama
Japanese Comedies,Comedy
Family Dramas,"Family,Drama"
Slasher and Serial Killer Movies,
Japanese TV Comedies,"Comedy,Reality-TV"
Laugh-Out-Loud Comedies,Comedy
Romantic International TV Shows,"Romance,Reality-TV"
Japanese TV Documentaries,"Documentary,Reality-TV"
Mecha & Cyborg Anime,Animation
European Comedies,Comedy
Superheroes,
Martial Arts,
Anime Fantasy,"Animation,Fantasy"
Independent Thrillers,Thriller
Japanese TV Dramas,"Drama,Reality-TV"
Visually-striking Sci-Fi & Fantasy,"Sci-Fi,Fantasy"
Japanese Action & Adventure,"Action,Adventure"
Golden Globe Award-winning Movies,
International TV Thrillers & Mysteries,"Thriller,Mystery,Reality-TV"
Romantic Italian Movies,Romance
Anime Sci-Fi & Fantasy,"Animation,Sci-Fi,Fantasy"
International Kids TV,Reality-TV
Movies for ages 0 to 2,
TV Teen Dramas,"Drama,Reality-TV"
International TV Comedies,"Comedy,Reality-TV"
Anime Comedies,"Animation,Comedy"
International Documentaries,Documentary
British TV Comedies,"Comedy,Reality-TV"
Spanish-Language TV Shows,Reality-TV
Brazilian Music and Concert Movies,"Music,Musical"
International Films,Film-Noir
Films for ages 5 to 7,Film-Noir
International Programmes,
International TV Dramas,"Drama,Reality-TV"
British Films,Film-Noir
British TV Mysteries,"Mystery,Reality-TV"
TV Programmes,Reality-TV
British Programmes,
Kids’ Programmes,
Medical TV Dramas,"Drama,Reality-TV"
Stand-up & Chat Shows,
Independent Films,Film-Noir
Asian Programmes,
Romantic Favourites,Romance
Documentary Programmes,Documentary
Historical TV Programmes,"History,Reality-TV"
Films for ages 11 to 12,Film-Noir
Argentinian Dramas,Drama
Dramas based on a book,Drama
Heist Films,Film-Noir
Films for ages 8 to 10,Film-Noir
Romantic Japanese Films,"Romance,Film-Noir"
Korean Programmes,
Canadian Films,Film-Noir
Japanese Films,Film-Noir
Tamil-Language Films,Film-Noir
Fantasy,Fantasy
Reality Programmes,Reality-TV
Crime Programmes,Crime
Anime Action Films,"Animation,Action,Film-Noir"
Supernatural Horror Films,"Horror,Film-Noir"
American Programmes,
Vampire Horror Films,"Horror,Film-Noir"
British Crime Films,"Crime,Film-Noir"
German Films,Film-Noir
Thriller Programmes,Thriller
Asian Action Films,"Action,Film-Noir"
Tear-jerking Romantic Movies,Romance
Blockbuster Comedies,Comedy
Romantic International Movies,Romance
French Films,Film-Noir
Films based on childrens books,Film-Noir
Gangster Films,Film-Noir
Chinese Films,Film-Noir
Showbiz Documentaries,Documentary
Slice of Life Anime,Animation
Scandinavian Films,Film-Noir
Japanese Academy Award-winning Movies,
Anime Feature Films,"Animation,Film-Noir"
Owarai & Variety Shows,
Romantic Films based on a book,"Romance,Film-Noir"
Sci-Fi & Fantasy Programmes,"Sci-Fi,Fantasy"
Sports & Fitness,Sport
Spanish Films,Film-Noir
Festive Favourites,
Family Feature Animation,"Family,Animation"
Thrillers based on a book,Thriller
Swedish Films,Film-Noir
Romantic Nordic Movies,Romance
Critically-acclaimed Films,Film-Noir
Disney,
Critically-acclaimed Dramas,Drama
Dramas based on contemporary literature,Drama
Dutch Films,Film-Noir
Miniseries,
TV Comedy Dramas,"Comedy,Drama,Reality-TV"
Films for ages 2 to 4,Film-Noir
Cult Comedies,Comedy
British TV Programmes,Reality-TV
Kids TV for ages 5 to 7,Reality-TV
Canadian TV Programmes,Reality-TV
Australian TV Programmes,Reality-TV
Wacky Comedies,Comedy
Horror Comedy,"Horror,Comedy"
Romantic Independent Films,"Romance,Film-Noir"
US TV Programmes,Reality-TV
Crime TV Programmes,"Crime,Reality-TV"
Teen TV Programmes,Reality-TV
Films for ages 0 to 2,Film-Noir
Turkish TV Shows,Reality-TV
Comic Book and Superhero Films,Film-Noir
Romantic TV Programmes,"Romance,Reality-TV"
Martial Arts Films,Film-Noir
Crime TV Soaps,"Crime,Reality-TV"
US TV Comedies,"Comedy,Reality-TV"
Japanese Thrillers,Thriller
Korean Dramas,Drama
Gory Horror Films,"Horror,Film-Noir"
Romantic Italian Films,"Romance,Film-Noir"
Gay & Lesbian Dramas,Drama
Japanese TV Reality & Variety,Reality-TV
Japanese TV Films,"Film-Noir,Reality-TV"
Classic Films,Film-Noir
Military & War Movies,War
Korean TV Programmes,Reality-TV
Foreign Comedies,Comedy
International TV Action & Adventure,"Action,Adventure,Reality-TV"
??????,
Japanese TV Shows Based on Comics,Reality-TV
Police Dramas,Drama
Acción y aventuras militares,
International Period Pieces,
Critically-acclaimed Documentaries,Documentary
Zombie Horror Films,"Horror,Film-Noir"
Quirky Romance,Romance
New Zealand Films,Film-Noir
Marathi-language Films,Film-Noir
Japanese Horror Films,"Horror,Film-Noir"
Spy Thrillers,Thriller
B-Horror Films,Film-Noir
International Horror Movies,Horror
Romantic Danish Movies,Romance
Danish Films,Film-Noir
Modern Classic Movies,
Concerts,
Screwball Comedies,Comedy
Halloween Favourites,
Golden Globe Award-winning Films,Film-Noir
Cult Horror Films,"Horror,Film-Noir"
Romantic Anime,"Romance,Animation"
Turkish Comedies,Comedy
Japanese TV Sci-Fi & Fantasy,"Sci-Fi,Fantasy,Reality-TV"
Talk Shows & Stand-up Comedy,"Talk-Show,Comedy"
Family Animation,"Family,Animation"
Mexican Films,Film-Noir
Rock & Pop,
Classic Romantic Films,"Romance,Film-Noir"
Police Action & Adventure,"Action,Adventure"
Police Mysteries,Mystery
TV Documentaries,"Documentary,Reality-TV"
Danish Crime Movies,Crime
Indian Comedies,Comedy
Teen Dramas,Drama
Scandinavian Movies,
BAFTA Award-Winning Films,Film-Noir
US TV Dramas,"Drama,Reality-TV"
Kids TV for ages 8 to 10,Reality-TV
Steamy Romantic Films,"Romance,Film-Noir"
Norwegian Thrillers,Thriller
Japanese Gangster Movies,
Singaporean TV Shows,Reality-TV
Barne-TV,Reality-TV
Films Based on Books,Film-Noir
Military TV Programmes,Reality-TV
Cult TV Programmes,Reality-TV
World Music,"Music,Musical"
Kids TV for ages 0 to 2,Reality-TV
Belgian Films,Film-Noir
Dramen,Drama
Classic Westerns,Western
Comedias,Comedy
Comedias de culto,Comedy
Educación y orientación,
Latin American Music & Musicals,"Music,Musical"
French,
Mainland Chinese Movies,
Malaysian Films,Film-Noir
South African TV Shows,Reality-TV
Indonesian Films,Film-Noir
British,
Historical Movies,History
Political TV Programmes,Reality-TV
Finnish Movies,
Singaporean Programmes,
Fantasy TV Programmes,"Fantasy,Reality-TV"
Chinese Programmes,
Teen TV Dramas,"Drama,Reality-TV"
Singaporean Movies,
Filipino Films,Film-Noir
Italian Thrillers,Thriller
Thai Films,Film-Noir
German TV Programmes,Reality-TV
Teen Programmes,
Polish Thrillers,Thriller
Middle Eastern TV Programmes,Reality-TV
French TV Programmes,Reality-TV
Thai TV Programmes,Reality-TV
Sci-Fi Anime,"Sci-Fi,Animation"
Cult Movies,
Japanese Kids&#39; TV,Reality-TV
Malaysian Movies,
Finnish TV Shows,Reality-TV
Comedy Blockbusters,Comedy
Brazilian TV Programmes,Reality-TV
Italian TV Programmes,Reality-TV
Romantic French Movies,Romance
Romantic Fantasy TV,"Romance,Fantasy,Reality-TV"
British Thrillers,Thriller
Variety & Talk Shows,Talk-Show
Anime based on Books,Animation
Polish Action & Adventure,"Action,Adventure"
Romantic British Movies,Romance
Shounen Anime,Animation
Steamy Romantic Movies,Romance
Japanese Youth TV Dramas,"Drama,Reality-TV"
Dutch Dramas,Drama
Steamy Thrillers,Thriller
Romantic Youth Drama,"Romance,Drama"
Swiss Movies,
Indian Musicals,"Music,Musical"
Argentinian Comedies,Comedy
Romantic Swedish Movies,Romance
Chinese Dramas,Drama
Brazilian Music & Musicals,"Music,Musical"
Blockbuster Sci-Fi & Fantasy,"Sci-Fi,Fantasy"
Colombian TV Shows,Reality-TV
The Most Powerful Anime Characters,Animation
Little Kids TV,Reality-TV
Romantic Japanese Movies,Romance
Korean TV Shows based on Comics,Reality-TV
Award-winning TV Shows,Reality-TV
Romantic Dutch Movies,Romance
US Thrillers,Thriller
Chinese TV Series,Reality-TV
Mystery & Thriller Anime,"Mystery,Thriller,Animation"
Crime Docuseries,"Crime,Documentary"
Boxing & Wrestling,
Dramas based on classic literature,Drama
Blockbuster Movies,
Spanish Dramas,Drama
Blockbuster Action,Action
TV Soaps Featuring a Strong Female Lead,Reality-TV
Cannes Film Festival Award-winning Movies,Film-Noir
Experimental Films,Film-Noir
British TV Sketch Comedies,"Comedy,Reality-TV"
Romance Programmes,Romance
Art House Films,Film-Noir
Japanese Programmes,
Sci-Fi Horror Films,"Sci-Fi,Horror,Film-Noir"
Anime Sci-Fi Films,"Animation,Sci-Fi,Film-Noir"
Horror Programmes,Horror
Japanese Documentary Movies,Documentary
Award-winning Films,Film-Noir
Blockbuster Western Movies,Western
Gangster Action & Adventure,"Action,Adventure"
Critically-acclaimed Action & Adventure,"Action,Adventure"
Spanish Thrillers,Thriller
Crime TV Documentaries,"Crime,Documentary,Reality-TV"
Courtroom TV Dramas,"Drama,Reality-TV"
Critically-acclaimed Canadian Movies,
Kids TV for ages 2 to 4,Reality-TV
International Reality,Reality-TV
Japanese Criminal Investigation Movies,Crime
Food & Wine,
Heist Action & Adventure,"Action,Adventure"
Hindi-Language Films,Film-Noir
Crime Films based on real life,"Crime,Film-Noir"
??????????,
Foreign Thrillers,Thriller
Chilean Movies,
Romantic Tearjerkers,Romance
Military & War Action & Adventure,"War,Action,Adventure"
Bengali-language Films,Film-Noir
Australian Documentaries,Documentary
Nordic Children & Family Movies,Family
Norwegian Films,Film-Noir
Academy Award-Winning Films,Film-Noir
Music and Concert Films,"Music,Film-Noir,Musical,Film-Noir"
Turkish Dramas,Drama
Sci-Fi,Sci-Fi
Urdu Films,Film-Noir
British TV Dramas,"Drama,Reality-TV"
Country & Western/Folk,Western
Scandinavian TV,Reality-TV
Gay & Lesbian Comedies,Comedy
Epics,
Anime Sci-Fi,"Animation,Sci-Fi"
Latin American Comedies,Comedy
Art House Movies,
Holiday Favorites,
Nordic Thrillers,Thriller
Latin American Dramas,Drama
Scandinavian Crime Movies,Crime
Romantic Foreign Movies,Romance
Norwegian Comedies,Comedy
Urban & Dance,
Anime Fantasies,"Animation,Fantasy"
Danish Comedies,Comedy
Scandinavian Dramas,Drama
Cult Horror Movies,Horror
Classic British Films,Film-Noir
Norwegian Dramas,Drama
Malaysian Programmes,
Japanese Gourmet TV Shows,Reality-TV
Tegnefilmserier,
Australian Dramas,Drama
African-American Comedies,Comedy
Camp Films,Film-Noir
Football Films,Film-Noir
Female Stand-up Comedy,Comedy
Hard Rock & Heavy Metal,
Classic Thrillers,Thriller
TV Sketch Comedies,"Comedy,Reality-TV"
Classic TV Programmes,Reality-TV
Latino Stand-up Comedy,Comedy
Preisgekrönte Filme,Film-Noir
Comedias adolescentes,Comedy
Romances de siempre,Romance
Dramas románticos,Drama
TV para niños,Reality-TV
Animated Movies,Animation
Variety TV,Reality-TV
TV Programmes Based on Books,Reality-TV
Hong Kong Films,Film-Noir
Spanish,
Egyptian Movies,
Danish TV Shows,Reality-TV
Nollywood,
South African Films,Film-Noir
Kids&#39; Music,"Music,Musical"
Chilling Horror Films,"Horror,Film-Noir"
Vietnamese Films,Film-Noir
Thai Horror Films,"Horror,Film-Noir"
French Thrillers,Thriller
Home & Garden Reality TV,Reality-TV
German Documentaries,Documentary
LGBTQ TV Programmes,Reality-TV
Russian TV Shows,Reality-TV
Latino Comedies,Comedy
Youth Drama Movies,Drama
South African Movies,
Romantic LGBTQ Movies,Romance
Cult Films,Film-Noir
Polish Films,Film-Noir
Faith & Spirituality Films,Film-Noir
Absurd Comedies,Comedy
Hindi-language TV Programmes,Reality-TV
Wine & Beverage Appreciation,
Canadian Documentaries,Documentary
20th-Century Period Pieces,
Critically-acclaimed Independent Movies,
Shoujo Anime,Animation
Baseball Movies,
Seinen Anime,Animation
Peruvian Movies,
New Zealand TV Shows,Reality-TV
Horror Anime,"Horror,Animation"
Malayalam-Language Movies,
Egyptian TV Shows,Reality-TV
Swedish Dramas,Drama
Israeli TV Shows,Reality-TV
East Asian Movies,
Romantic Korean TV Shows,"Romance,Reality-TV"
European Thrillers,Thriller
Movies for ages 3 to 4,
US Sci-Fi Adventure,"Sci-Fi,Adventure"
International Historical TV Dramas,"History,Drama,Reality-TV"
Punjabi-language Films,Film-Noir
Soccer Non-fiction,
TV Variety & Chat Shows,Reality-TV
Filmfare Award-winning Movies,Film-Noir
Venice Film Festival Award-winning Movies,Film-Noir
Malayalam-language Films,Film-Noir
Classic Children & Family Movies,Family
Soccer Movies,
US TV Documentaries,"Documentary,Reality-TV"
Canadian Independent Films,Film-Noir
Military & War Dramas,"War,Drama"
Science & Technology Documentaries,Documentary
International Military Movies,
Japanese Period Dramas,Drama
Canadian Dramas,Drama
Swedish TV Programmes,Reality-TV
Nollywood Films,Film-Noir
Talk & Variety Shows,Talk-Show
Time Travel Sci-Fi & Fantasy,"Sci-Fi,Fantasy"
Gay & Lesbian Films,Film-Noir
Romantic Foreign Films,"Romance,Film-Noir"
??????????,
Dramas basados en la vida real,Drama
Business Documentaries,Documentary
Irish Films,Film-Noir
Thriller Anime,"Thriller,Animation"
Nordic Crime Movies,Crime
Turkish Films,Film-Noir
African-American Stand-up Comedy,Comedy
Nature & Ecology TV Documentaries,"Documentary,Reality-TV"
Chilean Films,Film-Noir
Vampire Horror Movies,Horror
WWII Movies,
Movies for ages 2 to 4,
Irish TV Programmes,Reality-TV
Spanish Horror Films,"Horror,Film-Noir"
Foreign Action & Adventure,"Action,Adventure"
Science & Technology TV Documentaries,"Documentary,Reality-TV"
Vampire Films,Film-Noir
Urban & Dance Concerts,
Travel & Adventure Reality TV,"Adventure,Reality-TV"
TV-serier,Reality-TV
Blue-collar Stand-up Comedy,Comedy
Classic Children & Family Films,"Family,Film-Noir"
Pop,
Preisgekrönte Dramen,Drama
Berlin Film Festival Award-winning Movies,Film-Noir
Campy Movies,
Comedias románticas,Comedy
Ambientadas en otra época,
Historias de animales,History
Chilean Movies & TV,Reality-TV
Kids&#39; Anime,Animation
Taiwanese TV Programmes,Reality-TV
Latin Music,"Music,Musical"
Youth Movies,
Classic Japanese Movies,
Korean TV Programmes Based on Webtoon,Reality-TV
Theater Arts,
Basketball Movies,
Silent Films,Film-Noir
European Dramas,Drama
Football Movies,
Dance,
Period Pieces based on Books,
LGBTQ TV Shows,Reality-TV
Irish TV Shows,Reality-TV
Werewolf Horror Movies,Horror
Talking-Animal Kids TV,"Talk-Show,Reality-TV"
Korean Horror Movies,Horror
US Horror Movies,Horror
Romantic TV Soaps,"Romance,Reality-TV"
Kids Faith & Spirituality,
Stage Musicals,"Music,Musical"
Indian Dramas,Drama
Psychological Horror Films,"Horror,Film-Noir"
Berlin International Film Festival Award-winning Movies,Film-Noir
Disney Films,Film-Noir
Spanish TV Programmes,Reality-TV
Russian TV Programmes,Reality-TV
??????,
Theatre Arts,
Acción y aventuras,
Israeli Films,Film-Noir
Werewolf Horror Films,"Horror,Film-Noir"
Eastern European Films,Film-Noir
Rockumentaries,
British Period Pieces,
Latin American Documentaries,Documentary
Scandinavian Thrillers,Thriller
Deep Sea Horror Films,"Horror,Film-Noir"
Cult Sci-Fi & Fantasy,"Sci-Fi,Fantasy"
Danish Dramas,Drama
Investigative Reality TV,Reality-TV
Classic Musicals,"Music,Musical"
Reggae,
Boxing Films,Film-Noir
Internationale Filme,Film-Noir
Dramas biográficos,Drama
Dibujos animados,
Dance Non-fiction,
Pakistani Films,Film-Noir
Romantic Comedy Anime,"Romance,Comedy,Animation"
Critically Acclaimed Comedies,Comedy
Historical TV Shows,"History,Reality-TV"
Israeli Movies,
Japanese Horror Movies,Horror
National Film Award-winning Movies,Film-Noir
British Horror Movies,Horror
Mexican TV Programmes,Reality-TV
Police Detective Movies,
Goya Award-winning Movies,
Scary Halloween Favourites,
????????,
Dramas militares,Drama
Military & War Anime,"War,Animation"
Anime Horror Films,"Animation,Horror,Film-Noir"
Gay & Lesbian Movies,
Scandinavian Independent Movies,
Classic Sci-Fi & Fantasy,"Sci-Fi,Fantasy"
Norwegian TV,Reality-TV
Scandinavian Crime Films,"Crime,Film-Noir"
Sports TV Programmes,"Sport,Reality-TV"
Kids TV for ages 11 to 12,Reality-TV
Cannes Film Festival Winners,Film-Noir
Películas románticas,
Programas de TV y series,Reality-TV
Romantic Turkish Movies,Romance
Romantic Mexican Films,"Romance,Film-Noir"
Telugu-Language Films,Film-Noir
World Music Concerts,"Music,Musical"
Mexican Music & Musicals,"Music,Musical"
Mexican Dramas,Drama
Colombian TV Programmes,Reality-TV
Romantic British Films,"Romance,Film-Noir"
Boxing Movies,
British Horror Films,"Horror,Film-Noir"
Deep Sea Horror Movies,Horror
Romantic Chinese TV Shows,"Romance,Reality-TV"
Sports TV Shows,"Sport,Reality-TV"
Romantic French Films,"Romance,Film-Noir"
Nordic Action & Adventure,"Action,Adventure"
International LGBTQ Movies,
Korean Sci-Fi & Fantasy,"Sci-Fi,Fantasy"
????????,
Dramas políticos,Drama
WWII Films,Film-Noir
Romantic Gay & Lesbian Films,"Romance,Film-Noir"
Critically-acclaimed Independent Films,Film-Noir
African-American Dramas,Drama
Classic War Films,"War,Film-Noir"
Classical Music,"Music,Musical"
Russian,
Critically-acclaimed Canadian Films,Film-Noir
Classic Romantic Movies,Romance
Vietnamese Movies,
???????????????,
Modern Classics,
Crime Movies based on real life,Crime
Basketball Films,Film-Noir
Baseball Films,Film-Noir
Political TV Documentaries,"Documentary,Reality-TV"
????,
Greek Movies,
Classic International Movies,
British Miniseries,
Oscar-Winning Films,Film-Noir
Martial Arts Anime,Animation
Inspirational Music,"Music,Musical"
Romantic LGBTQ Films,"Romance,Film-Noir"
Romantic Indian Movies,Romance
????,
Latin American Police TV Shows,Reality-TV
Norwegian Crime Movies,Crime
Disney Musicals,"Music,Musical"
Classic Horror Films,"Horror,Film-Noir"
Classic War Movies,War
Vampire Movies,
Indian Thrillers,Thriller
Silent Movies,
